,City,Lat,Lng,Max Temp,Humidity,Cloudiness,Wind Speed,Country,Date
0,Bredasdorp,-34.5322,20.0403,56.08,66,93,4.81,ZA,1650765620
1,Port Alfred,-33.5906,26.891,58.17,97,29,3.0,ZA,1650765622
2,Sirte,31.2089,16.5887,60.37,76,0,4.07,LY,1650765622
3,Adrar,20.5022,-10.0711,69.85,31,0,10.96,MR,1650765626
4,Atuona,-9.8,-139.0333,79.5,77,76,16.64,PF,1650765629
5,Grindavik,63.8424,-22.4338,43.27,81,75,2.3,IS,1650765629
6,Rikitea,-23.1203,-134.9692,75.33,77,100,15.55,PF,1650765630
7,Lagoa,39.05,-27.9833,57.49,69,2,24.63,PT,1650765631
8,Mehamn,71.0357,27.8492,38.77,96,100,19.6,NO,1650765631
9,Nikolskoye,59.7035,30.7861,38.71,84,100,9.17,RU,1650765632
10,Wattegama,6.7989,81.4808,77.86,83,41,1.39,LK,1650765632
11,Qaanaaq,77.484,-69.3632,-4.0,77,27,6.51,GL,1650765633
12,Kumul,42.8,93.45,70.7,18,6,11.1,CN,1650765633
13,Nanortalik,60.1432,-45.2371,34.86,99,100,6.67,GL,1650765634
14,Srednekolymsk,67.45,153.6833,20.64,79,100,3.24,RU,1650765635
15,Agadez,19.75,10.25,85.3,11,20,7.83,NE,1650765635
16,Jamestown,42.097,-79.2353,65.17,53,19,1.99,US,1650765423
17,New Norfolk,-42.7826,147.0587,65.91,47,24,0.83,AU,1650765636
18,Busselton,-33.65,115.3333,68.58,51,49,10.56,AU,1650765637
19,Senneterre,48.3835,-77.2328,33.39,77,100,10.22,CA,1650765638
20,Ushuaia,-54.8,-68.3,42.46,75,40,2.3,AR,1650765401
21,Yeppoon,-23.1333,150.7333,74.98,75,71,25.21,AU,1650765639
22,Upernavik,72.7868,-56.1549,1.36,96,74,7.4,GL,1650765639
23,Lundazi,-12.2929,33.1782,60.94,97,99,4.38,ZM,1650765640
24,Saint George,37.1041,-113.5841,65.43,19,20,12.66,US,1650765640
25,East London,-33.0153,27.9116,62.1,90,99,8.23,ZA,1650765569
26,Tasiilaq,65.6145,-37.6368,35.76,89,91,7.52,GL,1650765641
27,Petauke,-14.2426,31.3253,61.95,95,96,5.01,ZM,1650765642
28,Dikson,73.5069,80.5464,1.02,98,99,12.37,RU,1650765642
29,Mataura,-46.1927,168.8643,52.48,90,97,8.39,NZ,1650765643
30,Yuli,9.6989,10.2744,81.61,67,100,6.91,NG,1650765643
31,Leningradskiy,69.3833,178.4167,25.92,88,100,3.83,RU,1650765644
32,Lüderitz,-26.6481,15.1594,54.28,77,6,23.82,NA,1650765644
33,Cape Town,-33.9258,18.4232,58.91,71,0,5.99,ZA,1650765604
34,Saskylakh,71.9167,114.0833,6.87,90,17,4.61,RU,1650765645
35,Cuiluan,47.72,128.648,49.42,26,2,16.44,CN,1650765646
36,St. George's,12.0564,-61.7485,77.22,76,15,11.72,GD,1650765646
37,Syava,58.0146,46.3222,40.51,80,94,1.92,RU,1650765647
38,Tanout,14.9709,8.8879,85.41,16,84,0.98,NE,1650765647
39,Muros,42.7762,-9.0603,53.83,84,56,7.83,ES,1650765648
40,Tilichiki,60.4667,166.1,28.38,85,100,7.23,RU,1650765648
41,Gornyak,50.9942,81.4661,27.16,51,57,14.74,RU,1650765419
42,Bama,11.5221,13.6856,88.16,31,55,4.23,NG,1650765649
43,Torbay,47.6666,-52.7314,33.76,92,100,17.27,CA,1650765650
44,Hobart,-42.8794,147.3294,65.26,59,20,4.61,AU,1650765470
45,Butaritari,3.0707,172.7902,81.52,77,54,13.91,KI,1650765651
46,Arraial do Cabo,-22.9661,-42.0278,78.01,79,2,10.27,BR,1650765652
47,Kapaa,22.0752,-159.319,80.58,81,59,4.0,US,1650765652
48,Grand Gaube,-20.0064,57.6608,75.6,68,100,5.01,MU,1650765653
49,Hilo,19.7297,-155.09,81.28,91,90,8.99,US,1650765653
50,Port Elizabeth,-33.918,25.5701,61.11,98,6,8.99,ZA,1650765653
51,Ribeira Grande,38.5167,-28.7,58.75,68,64,19.37,PT,1650765654
52,Ubari,26.5921,12.7805,68.09,16,0,8.43,LY,1650765654
53,Severo-Kuril'sk,50.6789,156.125,35.06,99,100,0.43,RU,1650765421
54,Punta Arenas,-53.15,-70.9167,42.12,93,100,6.93,CL,1650765655
55,Hong Kong,22.2855,114.1577,82.45,83,65,5.01,HK,1650765602
56,Puerto Ayora,-0.7393,-90.3518,72.19,90,77,6.15,EC,1650765656
57,Norman Wells,65.282,-126.8329,38.05,89,30,8.95,CA,1650765656
58,Ozinki,51.1786,49.6769,42.82,92,57,4.36,RU,1650765657
59,Qujing,25.4833,103.7833,71.33,46,0,22.15,CN,1650765657
60,Sabha,27.0377,14.4283,66.85,20,0,13.13,LY,1650765658
61,Avarua,-21.2078,-159.775,82.45,78,59,8.05,CK,1650765658
62,Tuktoyaktuk,69.4541,-133.0374,29.53,90,17,6.62,CA,1650765659
63,Bubaque,11.2833,-15.8333,76.55,78,13,13.09,GW,1650765659
64,Lixouri,38.2019,20.4314,58.01,81,4,5.64,GR,1650765660
65,Barrow,71.2906,-156.7887,17.62,79,100,5.75,US,1650765660
66,San Patricio,28.017,-97.5169,77.09,73,98,16.51,US,1650765661
67,Kavieng,-2.5744,150.7967,84.85,67,45,10.36,PG,1650765662
68,Stephenville,32.2207,-98.2023,79.59,59,0,17.27,US,1650765663
69,Davidson,36.1501,-86.7833,75.96,57,100,8.14,US,1650765663
70,Thompson,55.7435,-97.8558,36.1,85,100,12.59,CA,1650765664
71,Gold Coast,-28.0,153.4333,74.03,78,75,11.5,AU,1650765442
72,Talnakh,69.4865,88.3972,-0.8,95,56,3.02,RU,1650765665
73,Varkala,8.7341,76.7067,78.58,83,44,1.7,IN,1650765666
74,Manacapuru,-3.2997,-60.6206,76.48,91,93,4.88,BR,1650765666
75,Düzce,40.8389,31.1639,57.18,74,0,3.58,TR,1650765667
76,Deputatsky,69.3,139.9,11.62,87,100,3.42,RU,1650765667
77,Pisco,-13.7,-76.2167,63.01,94,16,2.55,PE,1650765668
78,Chernyshevskiy,63.0128,112.4714,23.79,79,100,5.01,RU,1650765668
79,Vila Velha,-20.3297,-40.2925,82.35,84,0,14.97,BR,1650765471
80,Hofn,64.2539,-15.2082,44.53,79,98,4.59,IS,1650765669
81,Traverse City,44.7631,-85.6206,71.8,74,100,12.12,US,1650765669
82,Salalah,17.0151,54.0924,79.9,82,32,6.71,OM,1650765670
83,Asău,46.4333,26.4,47.95,100,33,3.74,RO,1650765670
84,Chapleau,47.8405,-83.4034,37.04,98,100,12.66,CA,1650765671
85,Mayumba,-3.432,10.6554,77.61,87,100,1.57,GA,1650765671
86,Albany,42.6001,-73.9662,47.88,57,100,2.73,US,1650765654
87,Ribas do Rio Pardo,-20.4431,-53.7592,73.44,72,0,3.94,BR,1650765672
88,Meulaboh,4.1363,96.1285,82.13,80,68,4.92,ID,1650765672
89,Havøysund,70.9963,24.6622,39.43,95,100,25.61,NO,1650765672
90,Hasaki,35.7333,140.8333,66.6,87,100,12.68,JP,1650765673
91,Bluff,-46.6,168.3333,52.81,71,89,20.56,NZ,1650765673
92,Łomża,53.1781,22.0593,42.1,92,96,7.52,PL,1650765393
93,Kieta,-6.2167,155.6333,85.46,61,59,5.06,PG,1650765637
94,Leh,34.1667,77.5833,36.07,47,5,3.2,IN,1650765674
95,Cankuzo Province,-3.1333,30.5833,59.2,97,100,3.47,BI,1650765675
96,Mahébourg,-20.4081,57.7,75.49,69,40,14.97,MU,1650765675
97,Dawlatabad,36.4141,64.9053,69.76,53,98,2.3,AF,1650765676
98,Vanimo,-2.6741,141.3028,86.18,64,50,6.24,PG,1650765676
99,Camaná,-16.6228,-72.7111,67.66,88,19,6.82,PE,1650765676
100,Puri,19.8,85.85,82.92,80,97,16.8,IN,1650765677
101,Kropotkin,45.4375,40.5756,48.25,68,54,8.75,RU,1650765677
102,Khatanga,71.9667,102.5,8.02,92,94,5.19,RU,1650765678
103,Kashary,49.04,41.0056,48.09,82,93,7.36,RU,1650765678
104,Carnarvon,-24.8667,113.6333,79.2,55,0,6.64,AU,1650765679
105,Tessalit,20.1986,1.0114,77.09,8,0,7.74,ML,1650765679
106,Husavik,66.0449,-17.3389,43.84,77,90,5.61,IS,1650765680
107,Fairbanks,64.8378,-147.7164,48.22,58,100,1.43,US,1650765482
108,Narsaq,60.9167,-46.05,39.42,98,100,3.29,GL,1650765680
109,Issoire,45.55,3.25,43.86,94,100,7.92,FR,1650765681
110,Marfino,55.7028,37.3822,47.95,66,0,6.71,RU,1650765681
111,Clyde River,70.4692,-68.5914,-8.37,97,23,3.89,CA,1650765682
112,Bandarbeyla,9.4942,50.8122,81.1,74,37,5.91,SO,1650765682
113,Clonakilty,51.6231,-8.8706,47.41,86,49,13.42,IE,1650765683
114,Plettenberg Bay,-34.0527,23.3716,58.93,84,51,8.55,ZA,1650765500
115,Sobolevo,54.4299,31.8996,46.53,93,100,13.82,RU,1650765683
116,Mariental,-24.6333,17.9667,60.21,55,4,7.92,NA,1650765684
117,Tibú,8.639,-72.7358,72.86,98,99,1.34,CO,1650765684
118,Tiksi,71.6872,128.8694,8.92,91,100,3.83,RU,1650765685
119,Neryungri,56.6709,124.6491,27.54,75,61,6.49,RU,1650765685
120,Port Lincoln,-34.7333,135.8667,67.51,73,97,18.19,AU,1650765686
121,George Town,5.4112,100.3354,84.13,84,20,6.91,MY,1650765624
122,Iranduba,-3.2847,-60.1861,79.09,90,97,3.31,BR,1650765686
123,Bodden Town,19.2833,-81.25,80.01,78,97,5.01,KY,1650765687
124,Codrington,-38.2667,141.9667,63.9,55,6,9.55,AU,1650765687
125,Jalu,29.0331,21.5482,64.4,55,0,10.27,LY,1650765688
126,Bethel,41.3712,-73.414,55.33,61,100,5.01,US,1650765688
127,Longyearbyen,78.2186,15.6401,17.44,67,40,16.11,SJ,1650765688
128,Savannah Bight,16.45,-85.85,81.27,73,18,12.97,HN,1650765689
129,College,64.8569,-147.8028,48.2,58,100,1.39,US,1650765689
130,Mossamedes,-15.1961,12.1522,69.21,84,33,5.99,AO,1650765690
131,Kaitangata,-46.2817,169.8464,52.47,79,82,13.15,NZ,1650765690
132,Kahului,20.8947,-156.47,75.85,91,54,13.0,US,1650765691
133,Ponta do Sol,32.6667,-17.1,59.72,63,50,1.97,PT,1650765691
134,Lahaina,20.8783,-156.6825,75.81,91,44,8.88,US,1650765692
135,Hermanus,-34.4187,19.2345,56.97,65,27,1.48,ZA,1650765692
136,Necochea,-38.5473,-58.7368,60.89,67,42,12.35,AR,1650765692
137,Yellowknife,62.456,-114.3525,32.56,76,11,10.0,CA,1650765693
138,Misratah,32.3754,15.0925,61.93,73,17,9.24,LY,1650765693
139,Havelock,34.8791,-76.9013,68.97,80,1,5.14,US,1650765616
140,Kangaatsiaq,68.3065,-53.4641,22.08,95,100,5.97,GL,1650765694
141,Cherskiy,68.75,161.3,21.4,79,100,3.24,RU,1650765694
142,Prabumulih,-3.45,104.25,74.77,97,100,2.26,ID,1650765695
143,Waoundé,15.2637,-12.8682,88.72,17,0,15.37,SN,1650765695
144,Isangel,-19.55,169.2667,81.54,67,33,13.4,VU,1650765696
145,Bud,39.447,-86.1758,75.22,51,9,11.99,US,1650765697
146,Gawān,28.4333,78.35,86.72,15,0,8.57,IN,1650765697
147,Prince Rupert,54.3161,-130.3201,44.69,87,100,41.43,CA,1650765569
148,Guerrero Negro,27.9769,-114.0611,59.77,76,0,19.22,MX,1650765698
149,Cooma,-36.2333,149.1333,53.37,100,40,5.75,AU,1650765698
150,Dingle,10.9995,122.6711,87.21,64,73,9.82,PH,1650765699
151,Hambantota,6.1241,81.1185,77.34,100,40,3.44,LK,1650765699
152,Breves,-1.6822,-50.4803,72.36,97,100,3.33,BR,1650765700
153,Valparaíso,-33.0393,-71.6273,60.48,77,0,6.91,CL,1650765553
154,Komatsushimachō,34.0,134.5833,60.76,94,100,2.3,JP,1650765701
155,San Martín,-33.081,-68.4681,62.22,62,100,9.64,AR,1650765701
156,Gornopravdinsk,60.05,69.9,26.44,77,97,6.24,RU,1650765702
157,Pacific Grove,36.6177,-121.9166,64.45,78,0,5.99,US,1650765613
158,Camacha,33.0833,-16.3333,54.82,72,20,2.3,PT,1650765702
159,Japura,-0.3167,102.35,79.97,91,98,0.16,ID,1650765703
160,Mount Gambier,-37.8333,140.7667,65.62,50,0,8.08,AU,1650765703
161,Aksu,41.1231,80.2644,68.72,33,20,3.62,CN,1650765704
162,São Filipe,14.8961,-24.4956,74.23,75,0,7.38,CV,1650765704
163,Buala,-8.145,159.5921,85.69,68,24,4.27,SB,1650765705
164,Vaini,-21.2,-175.2,77.92,69,100,3.13,TO,1650765705
165,Suntar,62.1444,117.6319,33.26,64,100,4.0,RU,1650765500
166,Vostok,46.4856,135.8833,42.35,79,97,17.56,RU,1650765706
167,Campeche,19.0,-90.5,76.1,70,63,3.18,MX,1650765706
168,Kamaishi,39.2667,141.8833,55.81,59,100,12.75,JP,1650765707
169,Nouadhibou,20.931,-17.0347,64.42,76,52,16.31,MR,1650765707
170,Usinsk,65.9939,57.5281,17.8,80,100,1.88,RU,1650765708
171,Huntington,38.4193,-82.4452,71.35,68,1,3.94,US,1650765708
172,Durban,-29.8579,31.0292,68.02,94,61,1.01,ZA,1650765709
173,Andros Town,24.7,-77.7667,75.65,63,0,18.43,BS,1650765710
174,Bosaso,11.2842,49.1816,83.75,65,34,12.39,SO,1650765710
175,Bobo-Dioulasso,11.1771,-4.2979,80.04,60,100,3.96,BF,1650765619
176,Broome,42.2506,-75.833,55.36,67,58,3.0,US,1650765711
177,Kloulklubed,7.0419,134.2556,79.43,84,100,12.08,PW,1650765712
178,Constitución,-35.3333,-72.4167,56.91,90,100,4.99,CL,1650765479
179,Lusambo,-4.9667,23.45,70.65,100,100,0.89,CD,1650765713
180,Yanam,16.7333,82.2167,85.66,71,40,6.06,IN,1650765713
181,Geraldton,-28.7667,114.6,77.41,38,2,17.27,AU,1650765714
182,Saint-Joseph,-21.3667,55.6167,70.18,71,60,12.53,RE,1650765714
183,Roald,62.5833,6.1333,44.33,100,41,2.3,NO,1650765715
184,Fayaoué,-20.65,166.5333,78.85,70,25,15.7,NC,1650765715
185,Sandwick,60.0,-1.25,44.42,81,100,12.66,GB,1650765716
186,Namangan,40.9983,71.6726,63.05,63,100,4.61,UZ,1650765716
187,Kiunga,-6.1219,141.2906,84.22,77,77,2.3,PG,1650765717
188,Chokurdakh,70.6333,147.9167,3.94,90,79,3.06,RU,1650765717
189,Pevek,69.7008,170.3133,16.68,89,99,1.83,RU,1650765718
190,Chui,-33.6971,-53.4616,53.6,69,0,7.2,UY,1650765718
191,Hamilton,39.1834,-84.5333,72.55,56,44,5.35,US,1650765601
192,Riyadh,24.6877,46.7219,80.74,24,69,8.57,SA,1650765556
193,Nurota,40.5614,65.6886,64.96,61,100,4.85,UZ,1650765719
194,Naica,27.85,-105.4833,79.86,8,0,17.25,MX,1650765720
195,Khovu-Aksy,51.1333,93.6,30.65,55,100,8.08,RU,1650765720
196,Beringovskiy,63.05,179.3167,28.76,80,91,1.36,RU,1650765720
197,Abu Dhabi,24.4667,54.3667,77.97,89,0,3.44,AE,1650765436
198,Yatou,37.15,122.3833,62.55,73,89,11.99,CN,1650765721
199,Qaqortoq,60.7167,-46.0333,35.8,99,100,4.29,GL,1650765722
200,Mitsamiouli,-11.3847,43.2844,81.23,82,100,11.16,KM,1650765722
201,Xiuyan,40.2928,123.2744,61.11,48,98,5.95,CN,1650765723
202,Kennett,36.2362,-90.0556,75.15,69,0,10.36,US,1650765723
203,Perth,-31.9333,115.8333,73.67,50,0,16.11,AU,1650765605
204,Buraidah,26.326,43.975,66.65,57,100,12.41,SA,1650765725
205,Lampa,-33.2833,-70.9,61.65,59,36,1.54,CL,1650765726
206,Hithadhoo,-0.6,73.0833,84.45,73,100,5.99,MV,1650765726
207,Obuasi,6.206,-1.6619,73.53,97,73,1.34,GH,1650765727
208,Kununurra,-15.7667,128.7333,87.78,40,4,13.8,AU,1650765598
209,Cartagena del Chairá,1.3349,-74.8429,73.18,97,35,2.91,CO,1650765728
210,Vila Franca do Campo,37.7167,-25.4333,56.19,76,31,12.88,PT,1650765729
211,Broken Hill,-31.95,141.4333,73.26,44,97,15.21,AU,1650765708
212,Sola,-13.8833,167.55,82.29,68,60,3.6,VU,1650765730
213,Amga,60.8953,131.9608,35.37,59,100,2.26,RU,1650765731
214,Portland,45.5234,-122.6762,65.53,42,70,3.0,US,1650765442
215,Hailar,49.2,119.7,43.92,41,99,14.05,CN,1650765731
216,Bogorodskoye,56.55,37.8833,42.12,91,100,5.68,RU,1650765732
217,Ambon City,-3.6954,128.1814,95.14,52,40,4.61,ID,1650765732
218,Esperance,-33.8667,121.9,65.17,64,8,6.44,AU,1650765733
219,Mar del Plata,-38.0023,-57.5575,62.87,73,64,13.0,AR,1650765734
220,Port-Gentil,-0.7193,8.7815,80.58,81,100,6.71,GA,1650765735
221,Moranbah,-22.0016,148.0466,71.87,74,100,24.14,AU,1650765736
222,Sørland,67.667,12.6934,41.88,86,100,9.42,NO,1650765738
223,Presidencia Roque Sáenz Peña,-26.7852,-60.4388,60.82,71,0,6.67,AR,1650765598
224,Kaoma,-14.7833,24.8,66.02,78,100,3.38,ZM,1650765738
225,Malpe,13.35,74.7167,81.7,81,93,1.59,IN,1650765739
226,Kingston,17.997,-76.7936,71.2,93,100,2.64,JM,1650765626
227,Fare,-16.7,-151.0167,79.95,78,99,10.71,PF,1650765740
228,Zhalantun,48.0,122.7167,52.12,25,100,11.59,CN,1650765740
229,Nelson Bay,-32.7167,152.15,70.0,91,5,10.65,AU,1650765741
230,Gobabis,-22.45,18.9667,59.23,42,9,5.5,NA,1650765742
231,Jijiga,9.35,42.8,63.07,80,40,5.14,ET,1650765742
232,Spornoye,50.8448,37.2913,50.72,76,100,10.92,RU,1650765743
233,Tabuk,17.4189,121.4443,85.86,56,6,6.04,PH,1650765743
234,Praia,14.9215,-23.5087,75.74,43,0,20.71,CV,1650765744
235,Kalmunai,7.4167,81.8167,80.42,80,93,5.97,LK,1650765745
236,Atasū,48.6814,71.6433,38.73,43,93,21.21,KZ,1650765745
237,Anloga,5.7947,0.8973,81.48,85,100,10.31,GH,1650765746
238,Kholtoson,50.2981,103.3097,37.42,39,100,3.18,RU,1650765746
239,San Jose,37.3394,-121.895,68.68,51,0,13.8,US,1650765729
240,‘Āhuimanu,21.4447,-157.8378,77.86,77,34,8.99,US,1650765747
241,Qui Nhon,13.7667,109.2333,83.98,72,62,5.35,VN,1650765748
242,La Ronge,55.1001,-105.2842,33.19,91,34,3.47,CA,1650765748
243,Yangambi,0.8102,24.4336,69.82,99,65,2.37,CD,1650765749
244,Berbera,10.4396,45.0143,82.69,85,4,1.86,SO,1650765749
245,Byron Bay,-28.65,153.6167,68.7,70,34,14.83,AU,1650765750
246,Kindu,-2.95,25.95,68.7,99,100,1.57,CD,1650765751
247,Pāsighāt,28.0667,95.3333,70.0,90,100,3.15,IN,1650765751
248,Esim,4.8699,-2.2405,79.65,88,100,5.06,GH,1650765752
249,Oranjemund,-28.55,16.4333,53.29,84,23,12.35,NA,1650765752
250,Novouzensk,50.4592,48.1431,43.77,93,98,5.41,RU,1650765753
251,Ekibastuz,51.6667,75.3667,26.78,33,3,7.7,KZ,1650765753
252,Chapais,49.7834,-74.8492,21.31,89,100,6.8,CA,1650765754
253,Soc Trang,9.6033,105.98,89.37,57,57,7.87,VN,1650765755
254,Dabakala,8.3667,-4.4333,75.22,83,100,5.12,CI,1650765755
255,Enterprise,36.0252,-115.2419,70.65,17,20,9.22,US,1650765756
256,Santa Marta,11.2408,-74.199,82.89,72,25,11.01,CO,1650765660
257,Imbituba,-28.24,-48.6703,63.97,75,1,5.08,BR,1650765464
258,Pacasmayo,-7.4006,-79.5714,68.07,86,62,9.75,PE,1650765758
259,Pangnirtung,66.1451,-65.7125,4.19,78,14,7.52,CA,1650765758
260,Saint Paul Harbor,57.79,-152.4072,42.31,87,100,23.02,US,1650765759
261,Pleshanovo,52.8333,53.4833,38.97,82,9,3.6,RU,1650765759
262,Krasnovishersk,60.4078,57.082,34.16,91,100,2.8,RU,1650765760
263,Awka,6.2101,7.0741,75.97,91,100,10.85,NG,1650765761
264,Biggar,55.6167,-3.5167,43.9,84,19,9.06,GB,1650765762
265,Phan Thiet,10.9333,108.1,86.47,63,68,6.87,VN,1650765762
266,Natal,-5.795,-35.2094,74.05,100,20,4.61,BR,1650765614
267,Olafsvik,64.8945,-23.7142,45.01,83,99,6.62,IS,1650765763
268,Pontal do Paraná,-25.6533,-48.5128,70.18,89,100,5.86,BR,1650765764
269,Kamina,-8.7386,24.9906,63.66,96,100,0.92,CD,1650765764
270,Crispiano,40.6058,17.2303,56.64,80,65,1.99,IT,1650765765
271,Faanui,-16.4833,-151.75,79.75,77,75,8.25,PF,1650765766
272,Evensk,61.95,159.2333,28.72,72,93,23.6,RU,1650765766
273,Hualmay,-11.0964,-77.6139,67.46,86,13,8.72,PE,1650765767
274,Richards Bay,-28.783,32.0377,67.66,95,5,2.51,ZA,1650765767
275,Nemuro,43.3236,145.575,42.78,71,3,20.07,JP,1650765768
276,Shubarkuduk,49.1447,56.4872,44.74,85,100,12.3,KZ,1650765769
277,Mpongwe,-13.5091,28.155,61.03,94,57,4.94,ZM,1650765770
278,Thinadhoo,0.5333,72.9333,84.92,70,100,6.13,MV,1650765771
279,Tezu,27.9167,96.1667,71.08,81,100,2.8,IN,1650765771
280,Blagoyevo,63.3667,47.9167,33.24,100,100,2.33,RU,1650765773
281,Baghdad,33.3406,44.4009,78.53,10,100,5.39,IQ,1650765715
282,Makat,47.6469,53.3463,50.54,72,0,4.07,KZ,1650765773
283,Provideniya,64.3833,-173.3,33.46,62,92,2.3,RU,1650765774
284,Caravelas,-17.7125,-39.2481,76.77,94,9,6.33,BR,1650765774
285,Ugoofaaru,5.6667,73.0,84.22,70,80,5.01,MV,1650765775
286,Tarakan,3.3,117.6333,85.5,79,40,6.91,ID,1650765775
287,Jumla,29.2747,82.1838,59.09,30,0,0.67,NP,1650765775
288,Verkhnyaya Inta,65.9811,60.3094,17.49,88,100,2.64,RU,1650765776
289,Atar,20.5169,-13.0499,73.87,29,2,7.67,MR,1650765776
290,Saint-Philippe,-21.3585,55.7679,71.19,74,80,11.77,RE,1650765777
291,Bathsheba,13.2167,-59.5167,77.49,74,10,14.2,BB,1650765777
292,Walvis Bay,-22.9575,14.5053,55.09,85,0,15.46,NA,1650765778
293,Faranah,10.0404,-10.7434,78.39,68,100,3.67,GN,1650765718
294,Hervey Bay,-25.2986,152.8535,74.32,62,80,24.16,AU,1650765778
295,Hinton,53.4001,-117.5857,42.08,89,63,2.3,CA,1650765678
296,Namatanai,-3.6667,152.4333,85.69,62,90,5.95,PG,1650765763
297,Tuatapere,-46.1333,167.6833,51.08,80,100,13.22,NZ,1650765779
298,Faxinal,-24.0003,-51.3194,62.64,97,100,1.92,BR,1650765683
299,Dryden,49.7833,-92.7503,37.69,93,100,11.5,CA,1650765780
300,Cayenne,4.9333,-52.3333,79.09,1,0,0.0,GF,1650765661
301,Calvinia,-31.4707,19.776,45.79,75,0,4.23,ZA,1650765780
302,Pailón,-17.65,-62.75,79.29,70,97,8.01,BO,1650765781
303,General Roca,-39.0333,-67.5833,54.63,36,0,24.18,AR,1650765781
304,Nome,64.5011,-165.4064,44.17,65,100,6.29,US,1650765526
305,Airai,-8.9266,125.4092,73.85,45,14,3.33,TL,1650765782
306,Bengkulu,-3.8004,102.2655,77.0,85,100,3.24,ID,1650765782
307,Czersk,53.7959,17.9765,37.45,82,29,5.1,PL,1650765783
308,Sitka,57.0531,-135.33,43.29,87,100,5.66,US,1650765783
309,Banikoara,11.2985,2.4386,85.46,24,99,3.36,BJ,1650765784
310,Yar-Sale,66.8333,70.8333,-4.22,98,73,2.19,RU,1650765784
311,Marawi,7.9986,124.2928,80.82,63,21,3.04,PH,1650765785
312,Yārāda,17.65,83.2667,84.52,79,20,2.3,IN,1650765785
313,Yulara,-25.2406,130.9889,75.29,37,2,15.08,AU,1650765786
314,Colônia Leopoldina,-8.9089,-35.725,72.66,96,18,1.77,BR,1650765677
315,Laguna,38.421,-121.4238,75.49,17,0,10.36,US,1650765786
316,Lavumisa,-27.31,31.892,64.63,97,8,3.22,SZ,1650765787
317,Payson,40.0444,-111.7321,49.37,41,1,1.01,US,1650765788
318,Castro,-24.7911,-50.0119,63.64,86,100,2.62,BR,1650765788
319,Huangzhai,38.0751,112.6595,66.61,22,100,5.95,CN,1650765789
320,Siyabuswa,-25.1132,29.0445,64.38,82,60,5.28,ZA,1650765789
321,Urgut,39.4022,67.2431,58.62,59,100,9.33,UZ,1650765789
322,Bireun,5.203,96.7009,83.82,68,67,1.23,ID,1650765790
323,Bambous Virieux,-20.3428,57.7575,75.45,69,40,14.97,MU,1650765791
324,Azul,-36.777,-59.8585,61.34,64,3,7.23,AR,1650765791
325,Darhan,49.4867,105.9228,39.38,31,29,7.56,MN,1650765792
326,Lebu,-37.6167,-73.65,54.59,84,74,13.13,CL,1650765792
327,North Bend,43.4065,-124.2243,62.24,100,0,6.26,US,1650765624
328,Kuala Terengganu,5.3302,103.1408,82.58,80,86,3.02,MY,1650765793
329,Aykhal,66.0,111.5,16.07,83,100,4.85,RU,1650765507
330,Mitú,1.1983,-70.1733,77.65,81,100,1.9,CO,1650765794
331,Makkah al Mukarramah,21.4267,39.8261,78.94,56,8,4.21,SA,1650765794
332,Tautira,-17.7333,-149.15,79.21,79,96,12.15,PF,1650765795
333,Sapouy,11.5544,-1.7736,85.62,21,84,2.75,BF,1650765795
334,Valdosta,30.8327,-83.2785,71.51,65,0,9.22,US,1650765662
335,Freeport,40.6576,-73.5832,56.5,71,100,1.99,US,1650765500
336,Devonport,-41.1667,146.35,61.09,55,9,3.91,AU,1650765796
337,Fortuna,40.5982,-124.1573,54.93,82,2,1.99,US,1650765770
338,Santa Maria,-29.6842,-53.8069,53.26,79,0,3.49,BR,1650765740
339,Ballina,-28.8667,153.5667,68.77,98,38,14.85,AU,1650765797
340,Tondano,1.3038,124.9112,78.89,59,41,0.29,ID,1650765798
341,Ust'-Kan,50.9276,84.761,26.13,68,81,8.95,RU,1650765798
342,Port Hedland,-20.3167,118.5667,89.65,18,0,14.97,AU,1650765799
343,Paita,-5.0892,-81.1144,68.58,84,27,12.3,PE,1650765799
344,Trairi,-3.2778,-39.2689,72.79,97,100,6.13,BR,1650765800
345,Christchurch,-43.5333,172.6333,62.94,63,100,13.8,NZ,1650765585
346,Iracoubo,5.4802,-53.2011,76.01,91,88,6.33,GF,1650765800
347,Bilecik Province,40.0,30.1667,51.89,74,0,1.86,TR,1650765801
348,Sawtell,-30.3833,153.1,70.18,77,75,11.5,AU,1650765801
349,Rørvik,64.8621,11.2373,41.05,76,49,5.57,NO,1650765802
350,Barra de Tecoanapa,16.5167,-98.75,81.32,71,0,7.94,MX,1650765802
351,Kiryat Gat,31.61,34.7642,70.39,100,49,4.88,IL,1650765544
352,Ostrovnoy,68.0531,39.5131,30.81,91,87,14.92,RU,1650765803
353,Alta Floresta,-9.8756,-56.0861,71.87,96,100,2.08,BR,1650765598
354,Davila,18.4726,120.5763,85.3,66,5,4.97,PH,1650765804
355,Krasnosel'kup,65.7,82.4667,6.55,93,97,7.38,RU,1650765804
356,Victoria Point,-27.5833,153.3,75.18,76,44,5.99,AU,1650765805
357,Coos Bay,43.3665,-124.2179,62.31,85,0,9.22,US,1650765805
358,Tucupita,9.0622,-62.051,73.74,76,4,4.43,VE,1650765806
359,Hay River,60.8156,-115.7999,31.98,80,20,6.91,CA,1650765591
360,Kibala,9.1104,18.3463,82.02,56,36,7.16,TD,1650765807
361,Manokwari,-0.8667,134.0833,83.03,74,94,6.4,ID,1650765807
362,Baruun-Urt,46.6806,113.2792,51.24,29,57,11.97,MN,1650765807
363,Kochki,54.3358,80.4806,26.38,52,6,11.48,RU,1650765808
364,Bayan,46.0833,127.4,53.65,29,47,13.44,CN,1650765773
365,Huarmey,-10.0681,-78.1522,68.31,86,61,7.38,PE,1650765808
366,Nantucket,41.2835,-70.0995,51.94,76,100,6.91,US,1650765776
367,Sur,22.5667,59.5289,82.49,50,51,10.6,OM,1650765809
368,Ust'-Uda,54.1742,103.0304,30.11,48,100,6.71,RU,1650765810
369,Shubarshi,48.5872,57.1869,45.54,82,99,12.68,KZ,1650765810
370,Al Bardīyah,31.7561,25.0865,61.34,92,3,12.68,LY,1650765811
371,Faya,18.3851,42.4509,57.72,41,25,3.65,SA,1650765811
372,Kruisfontein,-34.0033,24.7314,57.88,91,66,11.12,ZA,1650765812
373,Bilibino,68.0546,166.4372,19.22,77,95,2.08,RU,1650765770
374,Brae,60.3964,-1.353,45.12,75,96,13.76,GB,1650765812
375,Tuy Hoa,13.0833,109.3,84.97,69,96,1.52,VN,1650765813
376,Sinnamary,5.3833,-52.95,76.98,90,100,7.14,GF,1650765813
377,Harjavalta,61.3167,22.1333,40.73,87,27,5.7,FI,1650765814
378,Bend,44.0582,-121.3153,57.09,30,0,9.22,US,1650765762
379,Quatre Cocos,-20.2078,57.7625,75.31,65,99,17.16,MU,1650765814
380,City of San Pedro,14.35,121.0167,89.31,64,11,9.06,PH,1650765633
381,Saldanha,-33.0117,17.9442,57.34,71,3,12.62,ZA,1650765815
382,Gondanglegi,-7.7479,112.0132,83.79,76,100,4.16,ID,1650765816
383,Ouésso,1.6136,16.0517,70.68,98,100,1.83,CG,1650765816
384,Luanda,-8.8368,13.2343,75.94,89,99,5.03,AO,1650765601
385,Ayorou,14.7308,0.9174,84.9,9,78,10.67,NE,1650765817
386,Río Gallegos,-51.6226,-69.2181,43.72,85,100,5.91,AR,1650765817
387,Maniitsoq,65.4167,-52.9,31.59,99,100,16.69,GL,1650765818
388,Acajutla,13.5928,-89.8275,81.3,74,16,4.65,SV,1650765818
389,Klaksvík,62.2266,-6.589,43.72,84,100,21.27,FO,1650765819
390,Makakilo City,21.3469,-158.0858,80.92,63,75,16.11,US,1650765819
391,Acapulco de Juárez,16.8634,-99.8901,79.79,72,7,9.26,MX,1650765721
392,Naze,28.3667,129.4833,71.42,86,100,17.83,JP,1650765820
393,Quiévrain,50.4074,3.6835,53.19,87,92,7.83,BE,1650765820
394,Mel'nikovo,56.5558,84.085,27.25,57,44,5.97,RU,1650765821
395,Erzin,36.9559,36.2,69.22,31,1,7.11,TR,1650765821
396,Valente,-11.4122,-39.4619,70.74,93,2,6.24,BR,1650765822
397,Poconé,-16.2567,-56.6228,77.05,74,10,5.37,BR,1650765822
398,Ust-Nera,64.5667,143.2,21.69,84,98,5.59,RU,1650765823
399,Ati,13.2154,18.3353,85.3,17,99,1.72,TD,1650765823
400,Kollam,8.8833,76.6,79.66,82,65,1.61,IN,1650765725
401,Kutum,14.2,24.6667,73.96,12,3,6.64,SD,1650765824
402,Teguise,29.0605,-13.564,61.02,68,0,4.61,ES,1650765824
403,Okhotsk,59.3833,143.3,30.61,85,7,7.29,RU,1650765825
404,George,-33.963,22.4617,54.95,100,100,5.75,ZA,1650765826
405,Dalvik,65.9702,-18.5286,44.96,77,53,2.19,IS,1650765826
406,Te Anau,-45.4167,167.7167,54.73,69,100,4.27,NZ,1650765827
407,Ongandjera,-17.8833,15.0667,67.55,41,5,2.73,NA,1650765827
408,Cidreira,-30.1811,-50.2056,59.27,72,0,7.09,BR,1650765828
409,Ulladulla,-35.35,150.4667,68.77,68,29,7.9,AU,1650765829
410,Hailey,43.5196,-114.3153,44.8,43,44,21.99,US,1650765262
411,Pokaran,26.9167,71.9167,86.36,22,95,1.77,IN,1650765830
412,San Policarpo,12.1791,125.5072,81.64,85,99,7.94,PH,1650765830
413,Tateyama,34.9833,139.8667,66.13,88,100,10.89,JP,1650765831
414,Shangrao,28.4532,117.9686,78.33,74,0,4.29,CN,1650765831
415,Liepāja,56.5419,21.0367,46.38,66,0,11.5,LV,1650765832
416,Mindelo,16.8901,-24.9804,70.27,82,98,12.93,CV,1650765832
417,Sept-Îles,50.2001,-66.3821,34.05,60,7,5.99,CA,1650765781
418,Cabo San Lucas,22.8909,-109.9124,74.61,75,0,10.36,MX,1650765759
419,Honchō,41.8833,140.6833,56.39,42,7,6.35,JP,1650765833
420,Port Blair,11.6667,92.75,86.04,79,20,9.22,IN,1650765770
421,Mēga,4.05,38.3,60.12,82,88,5.12,ET,1650765834
422,Tazovsky,67.4667,78.7,0.52,98,97,7.07,RU,1650765834
423,Palana,59.1167,159.9667,30.25,92,99,7.0,RU,1650765835
424,Fengzhen,40.4394,113.1536,66.85,18,50,12.95,CN,1650765835
425,Grand Baie,-20.0182,57.5802,75.67,68,100,5.01,MU,1650765836
426,Muli,2.9167,73.5667,84.58,67,92,4.07,MV,1650765836
427,Charters Towers,-20.1,146.2667,77.07,63,100,17.58,AU,1650765836
428,Deming,32.2687,-107.7586,67.89,14,0,14.97,US,1650765837
429,Vitim,59.4511,112.5578,32.63,80,100,2.68,RU,1650765837
430,Katsuura,35.1333,140.3,66.22,88,100,7.7,JP,1650765838
431,Morón,-34.6534,-58.6198,64.02,74,69,10.98,AR,1650765838
432,Marion,39.7684,-86.1555,75.58,50,0,11.5,US,1650765543
433,Kushmurun,52.4503,64.6311,37.85,48,99,11.41,KZ,1650765839
434,Yiyang,28.5892,112.3283,78.58,76,100,10.27,CN,1650765839
435,Salekhard,66.53,66.6019,2.43,90,100,1.12,RU,1650765839
436,Los Alamos,35.8881,-106.307,50.65,24,0,9.22,US,1650765840
437,Assiut,27.181,31.1837,67.64,31,2,6.04,EG,1650765840
438,Haines Junction,60.7522,-137.5108,41.54,79,100,3.69,CA,1650765841
439,Luwuk,-0.9516,122.7875,85.84,72,33,3.0,ID,1650765841
440,Kosonsoy,41.2561,71.5508,57.76,55,99,2.66,UZ,1650765842
441,Calama,-22.4667,-68.9333,46.89,34,0,16.11,CL,1650765842
442,Srandakan,-7.9386,110.2506,82.76,79,100,2.66,ID,1650765843
443,Badvel,14.75,79.05,83.44,64,100,1.1,IN,1650765843
444,Aksarka,66.5606,67.7975,3.36,95,100,1.86,RU,1650765755
445,Pochutla,15.7432,-96.4661,80.82,70,2,4.21,MX,1650765844
446,Altamont,42.2068,-121.7372,57.4,30,0,8.05,US,1650765730
447,Longkou,37.6508,120.3286,65.89,68,100,10.63,CN,1650765845
448,Ocumare del Tuy,10.1165,-66.7761,73.69,84,76,3.74,VE,1650765845
449,Iqaluit,63.7506,-68.5145,-0.36,91,19,2.91,CA,1650765846
450,Srbobran,45.5539,19.8028,49.6,92,63,7.9,RS,1650765846
451,Lakatoro,-16.0999,167.4164,81.21,79,100,6.71,VU,1650765847
452,Vao,-22.6667,167.4833,74.88,70,87,23.42,NC,1650765847
453,Bolu Province,40.6667,31.5833,50.58,75,0,2.17,TR,1650765848
454,Balabac,7.9868,117.0645,85.3,72,93,11.48,PH,1650765848
455,Răcari,44.6333,25.7333,53.28,82,0,3.11,RO,1650765849
456,Gamba,-2.65,10.0,76.26,91,100,1.88,GA,1650765849
457,Alice Town,25.7167,-79.3,75.31,71,4,23.0,BS,1650765739
458,Coahuayana Viejo,18.7333,-103.6833,72.18,78,0,3.13,MX,1650765850
459,Novaya Igirma,57.1334,103.9112,26.71,55,17,7.94,RU,1650765850
460,Santa Fe,-31.6333,-60.7,62.02,72,0,8.99,AR,1650765850
461,São João da Ponte,-15.9292,-44.0078,71.87,49,5,3.51,BR,1650765851
462,Aklavik,68.2191,-135.0107,31.6,97,84,8.21,CA,1650765851
463,Vardø,70.3705,31.1107,37.58,97,100,12.71,NO,1650765852
464,Martapura,-3.4167,114.85,86.09,74,0,6.91,ID,1650765852
465,Sembakung,3.8167,117.25,88.2,64,58,1.03,ID,1650765853
466,Kailua,21.4022,-157.7394,82.38,77,75,18.41,US,1650765853
467,Bereda,43.2686,-7.5406,47.41,93,100,4.88,ES,1650765854
468,Abalak,58.1286,68.5944,29.97,61,100,4.63,RU,1650765854
469,Enid,36.3956,-97.8784,79.02,80,100,14.97,US,1650765616
470,North Platte,41.1239,-100.7654,43.12,68,100,25.01,US,1650765585
471,King City,36.2127,-121.126,68.92,46,0,11.25,US,1650765730
472,Portobelo,9.55,-79.65,77.72,86,96,5.12,PA,1650765857
473,Gimli,50.6336,-96.9907,33.13,98,100,21.81,CA,1650765857
474,Kashira,54.8444,38.1669,44.83,81,91,7.45,RU,1650765858
475,Kanel,15.4916,-13.1763,87.58,18,0,15.14,SN,1650765859
476,Road Town,18.4167,-64.6167,77.04,69,20,11.5,VG,1650765694
477,Esil,51.9556,66.4042,35.1,44,100,14.88,KZ,1650765861
478,Vila do Maio,15.1333,-23.2167,75.99,78,2,15.77,CV,1650765861
479,San Rafael,-34.6177,-68.3301,63.37,52,1,5.48,AR,1650765688
480,Banganapalle,15.3167,78.2333,84.47,57,100,5.88,IN,1650765862
481,Kamogawa,35.1,140.1,66.16,88,100,3.69,JP,1650765863
482,Touros,-5.1989,-35.4608,76.41,89,100,7.72,BR,1650765699
483,Köthen,51.75,11.9667,46.22,86,8,9.78,DE,1650765865
484,El Alto,-4.2714,-81.2147,66.65,87,22,12.01,PE,1650765865
485,Erciş,39.0287,43.3586,48.07,45,10,2.53,TR,1650765866
486,Stromness,58.965,-3.296,44.56,90,54,1.99,GB,1650765866
487,Labuhan,-6.8844,112.2051,82.6,79,100,4.52,ID,1650765839
488,Chipinge,-20.1883,32.6236,58.57,95,6,2.08,ZW,1650765867
489,Taoudenni,22.6783,-3.9836,75.54,18,11,10.25,ML,1650765868
490,Pangody,65.85,74.4859,1.58,97,71,3.69,RU,1650765868
491,Bitburg,49.9667,6.5333,51.22,57,40,16.11,DE,1650765869
492,Foumban,5.7291,10.9001,63.82,96,100,3.67,CM,1650765869
493,Port Augusta,-32.5,137.7667,78.66,41,100,11.23,AU,1650765870
494,Killybegs,54.6333,-8.45,45.63,80,0,9.28,IE,1650765870
495,Arman',59.7,150.1667,37.02,61,100,4.68,RU,1650765871
496,Poli,-3.3333,36.8,58.78,95,100,1.88,TZ,1650765872
497,Zhigansk,66.7697,123.3711,16.84,87,100,10.09,RU,1650765851
498,Sayyan,15.1718,44.3244,57.38,39,16,1.19,YE,1650765873
499,Mackay,-21.15,149.2,78.67,78,75,25.32,AU,1650765874
500,Manggar,-2.8833,108.2667,85.71,70,100,5.46,ID,1650765875
501,Måløy,61.9353,5.1136,46.13,86,17,4.63,NO,1650765876
502,Hobyo,5.3505,48.5268,83.25,72,67,9.84,SO,1650765756
503,Alofi,-19.0595,-169.9187,79.97,71,18,4.72,NU,1650765877
504,San Angelo,31.4638,-100.437,83.53,45,0,9.22,US,1650765849
505,Dunmore Town,25.5,-76.65,74.82,71,0,19.04,BS,1650765879
506,Fort Nelson,58.8053,-122.7002,40.19,100,88,1.3,CA,1650765881
507,Springbok,-29.6643,17.8865,41.02,93,38,4.5,ZA,1650765882
508,Rach Gia,10.0167,105.0833,85.48,66,25,4.7,VN,1650765883
509,Truro,50.2653,-5.0544,51.08,81,85,8.05,GB,1650765669
510,Ahipara,-35.1667,173.1667,64.87,65,100,14.94,NZ,1650765884
511,Sisimiut,66.9395,-53.6735,28.72,97,100,5.32,GL,1650765885
512,Seymchan,62.8833,152.4333,26.42,74,100,9.35,RU,1650765886
513,Lompoc,34.6391,-120.4579,70.57,72,0,32.99,US,1650765886
514,Galesong,-5.3166,119.3661,86.02,71,98,2.89,ID,1650765887
515,Nyurba,63.2842,118.3319,29.14,83,100,2.98,RU,1650765888
516,Līgatne,57.2343,25.0406,46.26,78,100,7.0,LV,1650765889
517,Fort Morgan,40.2503,-103.8,47.05,39,0,29.93,US,1650765889
518,Esna,25.2934,32.554,73.0,14,0,7.43,EG,1650765890
519,Porto Velho,-8.7619,-63.9039,80.65,83,20,3.44,BR,1650765890
520,Kandrian,-6.2167,149.55,85.55,66,87,5.48,PG,1650765891
521,Areia Branca,-4.9561,-37.1369,76.3,86,100,4.81,BR,1650765891
522,Tambun,-6.2641,107.0712,85.95,69,100,1.72,ID,1650765892
523,Mount Isa,-20.7333,139.5,74.97,73,100,12.66,AU,1650765725
524,Kungurtug,50.5994,97.5228,36.39,39,53,1.5,RU,1650765892
525,Montepuez,-13.1256,38.9997,69.19,97,100,2.73,MZ,1650765893
526,Avera,33.194,-82.5271,69.85,69,0,8.16,US,1650765893
527,Sumbuya,7.6467,-11.9611,79.07,86,100,2.48,SL,1650765893
528,Kapit,2.0167,112.9333,78.21,93,99,0.6,MY,1650765894
529,Benguela,-12.5763,13.4055,75.07,87,72,1.68,AO,1650765894
530,Port Hardy,50.6996,-127.4199,45.48,90,100,13.42,CA,1650765623
531,Turki,51.987,43.2731,46.08,59,20,3.42,RU,1650765895
532,Deogarh,21.5333,84.7333,91.54,28,40,1.14,IN,1650765895
533,Saint-Augustin,51.226,-58.6502,33.96,98,100,14.18,CA,1650765896
534,Kiruna,67.8557,20.2251,29.32,80,43,5.75,SE,1650765732
535,Saint Anthony,45.0205,-93.218,62.04,81,100,25.32,US,1650765896
536,Mthatha,-31.5889,28.7844,56.03,90,92,1.9,ZA,1650765897
537,Manono,-7.3,27.4167,69.19,99,100,3.49,CD,1650765897
538,Hirara,24.8,125.2833,77.27,94,75,13.8,JP,1650765898
539,Sorong,-0.8833,131.25,85.19,69,81,5.32,ID,1650765898
540,Ntungamo,-0.8833,29.65,64.51,90,100,2.57,UG,1650765899
541,Grafenau,48.8577,13.3974,45.88,75,40,5.82,DE,1650765899
542,Tuensang,26.2833,94.8333,75.58,57,13,2.64,IN,1650765899
543,Brodokalmak,55.5748,62.082,32.9,59,56,7.23,RU,1650765900
544,Cockburn Town,21.4612,-71.1419,77.2,74,100,19.69,TC,1650765900
545,Port Macquarie,-31.4333,152.9167,67.89,77,40,2.3,AU,1650765901
546,Yeniseysk,58.4497,92.1703,23.94,76,99,8.39,RU,1650765901
547,Ust'-Omchug,61.15,149.6333,23.32,74,100,6.44,RU,1650765836
548,Yangi Marg`ilon,40.4272,71.7189,65.12,55,100,6.91,UZ,1650765902
549,Forestville,38.8451,-76.875,65.53,63,0,9.22,US,1650765902
550,Hanzhong,33.0728,107.0303,58.42,92,100,9.86,CN,1650765903
551,Padang,-0.9492,100.3543,78.85,72,86,0.6,ID,1650765903
552,Dongying,37.4564,118.4856,80.55,42,92,6.2,CN,1650765904
553,São Félix do Xingu,-6.6447,-51.995,71.71,98,100,1.68,BR,1650765904
554,Arbagar,51.9438,116.2805,42.66,42,100,10.07,RU,1650765905
555,Vila,42.0304,-8.1588,41.88,92,96,3.8,PT,1650765905
556,Angoche,-16.2325,39.9086,74.93,92,100,17.27,MZ,1650765905
557,Pudozh,61.8099,36.5345,31.78,96,100,4.38,RU,1650765906
558,Nabire,-3.3667,135.4833,86.27,62,100,3.33,ID,1650765906
559,Crixás,-14.5489,-49.9692,72.3,86,81,2.01,BR,1650765907
560,Lázaro Cárdenas,17.9583,-102.2,77.07,71,7,7.54,MX,1650765907
561,Daşoguz,41.8363,59.9666,62.35,46,38,10.54,TM,1650765908
562,Shingū,33.7333,135.9833,61.56,98,100,8.59,JP,1650765909
563,Santa Isabel Rio Negro,-0.4139,-65.0192,76.33,90,73,2.64,BR,1650765909
564,Waipawa,-41.4122,175.5153,61.57,52,76,4.7,NZ,1650765910
565,Sibay,52.7181,58.6658,38.93,59,100,4.05,RU,1650765910
566,Ulaangom,49.9811,92.0667,39.81,40,3,3.36,MN,1650765911
